Cycle start time,Cycle end time,Cycle timezone,Recovery score %,Resting heart rate (bpm),Heart rate variability (ms),Skin temp (celsius),Blood oxygen %,Day Strain,Energy burned (cal),Max HR (bpm),Average HR (bpm),Sleep onset,Wake onset,Sleep performance %,Respiratory rate (rpm),Asleep duration (min),In bed duration (min),Light sleep duration (min),Deep (SWS) duration (min),REM duration (min),Awake duration (min),Sleep need (min),Sleep debt (min),Sleep efficiency %
9/3/22 0:00,,UTC-05:00,,,,,,,,,,,,,,,,,,,,,,
8/28/22 22:03,8/29/22 22:03,UTC-05:00,28,57,45,32.82,95.77,0.2,558,92,65,8/28/22 22:03,8/29/22 3:00,51,17.6,285,295,133,63,89,10,556,63,97
8/28/22 2:01,8/28/22 22:03,UTC-05:00,41,55,49,34.3,96.07,12.1,2243,162,73,8/28/22 2:01,8/28/22 8:55,73,15.9,347,414,151,79,117,67,476,0,83
8/26/22 23:25,8/28/22 2:01,UTC-05:00,65,55,57,34.69,96.57,5.3,2289,135,66,8/26/22 23:25,8/27/22 9:13,100,15.9,507,587,242,93,172,80,475,0,86
8/25/22 23:30,8/26/22 23:25,UTC-05:00,60,55,58,33.56,96.26,4,1833,108,64,8/25/22 23:30,8/26/22 10:30,100,16.3,573,659,289,103,181,86,478,0,87
8/24/22 22:13,8/25/22 23:30,UTC-05:00,20,62,42,35.37,95.1,7.1,2283,165,65,8/24/22 22:13,8/25/22 8:49,100,16.6,540,636,293,97,150,96,534,51,84
8/23/22 23:37,8/24/22 22:13,UTC-05:00,36,61,45,34.31,95.47,9.3,2218,147,71,8/23/22 23:37,8/24/22 8:09,83,17.7,454,505,173,90,191,51,545,60,90
8/22/22 22:51,8/23/22 23:37,UTC-05:00,35,59,50,34.6,96.31,9.9,2412,153,74,8/22/22 22:51,8/23/22 6:29,80,18.5,408,458,139,104,165,50,511,18,90
8/21/22 20:58,8/22/22 22:51,UTC-05:00,51,55,55,33.8,96.73,12.3,2790,160,72,8/21/22 20:58,8/22/22 6:41,94,17.1,515,583,208,130,177,68,548,73,88
8/21/22 0:00,8/21/22 20:58,UTC-05:00,,,,,,4,53,113,76,,,,,,,,,,,,,
8/20/22 0:00,8/21/22 14:00,UTC+09:00,,,,,,12.2,1277,162,83,,,,,,,,,,,,,
8/16/22 2:58,8/17/22 2:58,UTC+09:00,27,56,49,33.7,97.16,14.3,2929,165,65,8/16/22 2:58,8/16/22 10:13,69,16.6,364,432,116,94,154,68,531,18,84
8/15/22 0:56,8/16/22 2:58,UTC+09:00,53,51,68,33.19,96.94,15.6,3509,166,72,8/15/22 0:56,8/15/22 9:26,94,16.8,475,505,164,106,205,30,506,134,94
8/13/22 23:35,8/15/22 0:56,UTC+09:00,30,52,71,33.7,97.36,8.6,2419,154,62,8/13/22 23:35,8/14/22 3:35,43,17.3,225,236,91,58,76,11,523,47,96
8/13/22 0:31,8/13/22 23:35,UTC+09:00,51,52,69,33.8,97,5.1,2002,149,61,8/13/22 0:31,8/13/22 8:59,80,16.1,432,507,150,97,185,75,539,51,86
8/12/22 0:18,8/13/22 0:31,UTC+09:00,87,51,86,33.07,97,10.9,2499,161,68,8/12/22 0:18,8/12/22 8:04,78,15.8,409,460,173,84,152,51,523,30,89
8/11/22 0:25,8/12/22 0:18,UTC+09:00,72,52,75,33.3,96.21,12.2,2570,177,69,8/11/22 0:25,8/11/22 8:57,90,15.8,478,512,192,106,180,34,532,24,93
8/10/22 1:34,8/11/22 0:25,UTC+09:00,96,49,88,33.58,96.78,14.7,2947,171,70,8/10/22 1:34,8/10/22 10:16,92,15.9,477,521,256,77,144,44,521,24,91
8/9/22 1:42,8/10/22 1:34,UTC+09:00,96,50,84,34.3,96,12.9,2712,168,68,8/9/22 1:42,8/9/22 9:39,92,16.2,445,477,214,74,157,32,484,0,93
8/7/22 23:34,8/9/22 1:42,UTC+09:00,97,51,80,33.9,96.05,9.8,2575,163,64,8/7/22 23:34,8/8/22 9:01,100,16.7,529,561,302,71,156,32,463,80,94
8/7/22 0:03,8/7/22 23:34,UTC+09:00,79,53,74,33.45,97.13,9.6,2343,168,65,8/7/22 0:03,8/7/22 6:38,66,16.3,346,380,134,88,124,34,528,47,94
8/6/22 0:13,8/7/22 0:03,UTC+09:00,76,53,71,33.92,97.8,8.6,2300,153,64,8/6/22 0:13,8/6/22 9:10,80,16.4,484,526,158,121,205,42,602,96,93
8/5/22 2:31,8/6/22 0:13,UTC+09:00,40,54,58,34.3,96,14.4,2708,172,75,8/5/22 2:31,8/5/22 7:34,59,17.1,285,298,124,59,102,13,483,0,96
8/4/22 0:09,8/5/22 2:31,UTC+09:00,62,54,66,33.5,96.74,9.6,2600,155,67,8/4/22 0:09,8/4/22 9:17,100,16.9,501,547,304,99,98,46,488,0,92
8/2/22 23:40,8/4/22 0:09,UTC+09:00,80,52,70,34.17,95.86,11.1,2531,166,68,8/2/22 23:40,8/3/22 9:59,100,16.5,536,615,265,104,167,79,516,24,89
8/2/22 1:48,8/2/22 23:40,UTC+09:00,88,50,74,33.68,96.72,11.9,2463,153,68,8/2/22 1:48,8/2/22 10:26,92,16.3,453,519,153,117,183,66,495,0,87
7/31/22 23:56,8/2/22 1:48,UTC+09:00,79,54,71,34,95.85,12.6,2826,165,68,7/31/22 23:56,8/1/22 9:18,100,16.8,515,562,280,79,156,47,497,9,91
7/31/22 0:22,7/31/22 23:56,UTC+09:00,72,55,68,34.2,96.14,11,2459,166,66,7/31/22 0:22,7/31/22 9:32,97,17.1,506,549,248,67,191,43,522,30,92
7/29/22 23:38,7/31/22 0:22,UTC+09:00,56,55,64,33.9,96.74,11.9,2616,161,69,7/29/22 23:38,7/30/22 10:19,90,17.1,577,640,226,142,209,63,641,158,90
7/29/22 2:54,7/29/22 23:38,UTC+09:00,9,58,54,33.4,96.75,9.4,2052,151,74,7/29/22 2:54,7/29/22 6:43,33,17.8,197,225,117,42,38,28,600,82,87
7/28/22 4:04,7/29/22 2:54,UTC+09:00,38,55,60,33.6,96.2,16.1,3102,184,75,7/28/22 4:04,7/28/22 10:28,65,16.2,344,381,160,54,130,37,532,49,90
7/27/22 1:19,7/28/22 4:04,UTC+09:00,52,53,65,33.8,95.19,9.3,2583,160,67,7/27/22 1:19,7/27/22 8:39,79,16.8,389,432,135,100,154,43,495,12,92
7/26/22 0:06,7/27/22 1:19,UTC+09:00,67,53,71,33.78,94.88,9.6,2493,154,67,7/26/22 0:06,7/26/22 9:31,96,16.1,504,563,152,129,223,59,526,33,89
7/24/22 23:43,7/26/22 0:06,UTC+09:00,88,52,86,33.8,97.09,12.3,2656,157,69,7/24/22 23:43,7/25/22 8:28,86,16.6,466,521,225,97,144,55,545,63,90
7/24/22 0:46,7/24/22 23:43,UTC+09:00,45,54,64,34,96.13,8.6,2202,173,67,7/24/22 0:46,7/24/22 7:21,73,17.2,379,392,143,69,167,13,523,30,96
7/23/22 0:30,7/24/22 0:46,UTC+09:00,55,53,67,33.1,96.43,12.2,2622,172,70,7/23/22 0:30,7/23/22 8:55,90,16.8,476,503,209,100,167,27,530,49,94
7/22/22 3:40,7/23/22 0:30,UTC+09:00,55,53,68,34.5,97.23,8.6,2026,151,67,7/22/22 3:40,7/22/22 10:56,79,16.1,400,435,173,78,149,35,509,0,92
7/21/22 0:09,7/22/22 3:40,UTC+09:00,67,53,72,33.6,94.42,15,3173,185,68,7/21/22 0:09,7/21/22 9:54,100,16.1,543,581,269,81,193,38,488,0,93
7/19/22 23:40,7/21/22 0:09,UTC+09:00,85,50,81,33,96.39,11,2539,174,65,7/19/22 23:40,7/20/22 9:37,100,16.4,557,596,319,108,130,39,484,0,93
7/18/22 23:51,7/19/22 23:40,UTC+09:00,58,55,65,34.6,96.48,9.8,2396,151,67,7/18/22 23:51,7/19/22 9:30,100,17.8,535,565,310,87,138,30,489,0,94
7/17/22 23:09,7/18/22 23:51,UTC+09:00,78,53,73,33.5,97.21,11.3,2625,170,67,7/17/22 23:09,7/18/22 11:04,100,16.8,576,715,217,122,237,139,552,70,80
7/16/22 23:55,7/17/22 23:09,UTC+09:00,50,55,58,33.4,96.94,8.5,2164,183,68,7/16/22 23:55,7/17/22 6:28,70,16.2,364,394,188,82,94,30,522,18,92
7/16/22 0:53,7/16/22 23:55,UTC+09:00,62,54,68,33.74,96.81,14.2,2882,170,74,7/16/22 0:53,7/16/22 8:36,94,17.3,431,462,191,99,141,31,461,73,93
7/15/22 0:23,7/16/22 0:53,UTC+09:00,25,59,43,34,96.47,10.7,2513,151,70,7/15/22 0:23,7/15/22 7:49,69,17.1,393,442,139,84,170,49,574,66,89
7/13/22 23:29,7/15/22 0:23,UTC+09:00,32,57,56,33.9,97,14.8,3089,181,72,7/13/22 23:29,7/14/22 6:42,72,16.9,404,433,138,113,153,29,563,63,93
7/12/22 22:38,7/13/22 23:29,UTC+09:00,38,58,53,34,96.18,13.3,2851,164,70,7/12/22 22:38,7/13/22 7:02,79,16.4,450,503,198,99,153,53,571,85,89
7/11/22 22:07,7/12/22 22:38,UTC+09:00,50,56,66,34.5,95.11,10.4,2456,155,72,7/11/22 22:07,7/12/22 5:28,64,16.9,385,442,212,46,127,57,606,172,87
7/10/22 15:23,7/11/22 22:07,UTC+09:00,,,,,,14,2960,159,76,,,,,,,,,,,,,
7/9/22 1:28,7/10/22 1:23,UTC-05:00,5,55,69,35.3,95,5,2075,129,62,7/9/22 1:28,7/9/22 3:58,27,17.8,138,150,49,33,56,12,515,18,93
7/8/22 1:23,7/9/22 1:28,UTC-05:00,41,54,63,34,95.71,12.9,2705,161,71,7/8/22 1:23,7/8/22 10:27,94,16.6,486,544,152,115,219,58,516,15,89
7/7/22 0:31,7/8/22 1:23,UTC-05:00,52,53,71,33.7,93.63,13.6,2944,154,72,7/7/22 0:31,7/7/22 9:15,95,16.1,494,524,226,88,180,30,520,30,95
7/6/22 2:08,7/7/22 0:31,UTC-05:00,42,54,65,33.7,96.53,11.5,2368,169,70,7/6/22 2:08,7/6/22 9:47,87,16.6,430,456,191,96,143,26,493,9,94
7/5/22 0:19,7/6/22 2:08,UTC-05:00,69,51,80,34,94.72,9.8,2539,153,67,7/5/22 0:19,7/5/22 9:24,97,16.5,503,545,274,74,155,42,517,18,92
7/3/22 23:57,7/5/22 0:19,UTC-05:00,42,54,67,33.7,97,13.3,2821,161,70,7/3/22 23:57,7/4/22 8:48,94,16.8,490,530,167,96,227,40,524,47,92
7/2/22 23:47,7/3/22 23:57,UTC-05:00,55,51,78,33.41,96.28,6.1,2167,139,61,7/2/22 23:47,7/3/22 8:00,80,16.5,459,490,214,89,156,31,575,94,93
7/2/22 3:34,7/2/22 23:47,UTC-05:00,60,50,86,32.8,97.25,8.5,2000,160,65,7/2/22 3:34,7/2/22 9:25,60,16.4,322,350,100,78,144,28,540,52,92
7/1/22 2:06,7/2/22 3:34,UTC-05:00,54,53,80,33.6,95.03,11,2593,164,65,7/1/22 2:06,7/1/22 9:31,78,16.1,415,445,200,61,154,30,536,18,93
6/30/22 1:52,7/1/22 2:06,UTC-05:00,81,49,93,33.9,95.24,16.2,3278,183,72,6/30/22 1:52,6/30/22 10:17,94,16.3,451,505,167,114,170,54,479,0,89
6/29/22 0:35,6/30/22 1:52,UTC-05:00,91,48,95,33.66,96.28,7.8,2368,154,60,6/29/22 0:35,6/29/22 10:43,100,16.1,549,605,288,84,177,56,484,0,91
6/28/22 0:16,6/29/22 0:35,UTC-05:00,54,53,76,33.7,95.95,9.8,2392,170,63,6/28/22 0:16,6/28/22 9:35,100,16.3,523,559,165,123,235,36,521,33,93
6/27/22 1:26,6/28/22 0:16,UTC-05:00,65,52,84,33.6,95.82,11,2426,152,68,6/27/22 1:26,6/27/22 10:44,89,16.6,493,559,182,98,213,66,555,70,88
6/26/22 2:26,6/27/22 1:26,UTC-05:00,90,50,96,33.8,95.94,9.8,2316,166,69,6/26/22 2:26,6/26/22 9:19,70,16.6,365,413,169,65,131,48,522,0,88
6/25/22 2:29,6/26/22 2:26,UTC-05:00,98,48,99,32.94,97.09,16.8,3295,184,72,6/25/22 2:29,6/25/22 11:12,100,16.2,489,521,177,95,217,32,488,9,93
6/24/22 1:33,6/25/22 2:29,UTC-05:00,95,51,91,33.6,95.37,7.5,2305,168,65,6/24/22 1:33,6/24/22 10:43,97,16.3,503,549,197,89,217,46,516,28,92
6/23/22 2:28,6/24/22 1:33,UTC-05:00,69,52,79,33.4,96.81,11,2409,179,66,6/23/22 2:28,6/23/22 10:06,88,15.8,424,452,129,113,182,28,483,0,94
6/21/22 23:44,6/23/22 2:28,UTC-05:00,47,56,68,33.6,95.88,9.5,2593,161,65,6/21/22 23:44,6/22/22 11:24,100,16.6,643,700,355,105,183,57,493,0,91
6/21/22 1:01,6/21/22 23:44,UTC-05:00,97,49,92,34.2,95.74,12.2,2512,155,69,6/21/22 1:01,6/21/22 9:32,100,16,477,511,238,70,169,34,475,111,93
6/20/22 1:13,6/21/22 1:01,UTC-05:00,51,53,80,33.7,97.33,9.9,2395,170,65,6/20/22 1:13,6/20/22 6:14,53,16.9,275,301,103,57,115,26,515,0,91
6/18/22 23:36,6/20/22 1:13,UTC-05:00,67,54,78,33.89,96.45,15.8,3289,177,71,6/18/22 23:36,6/19/22 10:26,100,16.5,547,650,246,108,193,103,490,6,84
6/18/22 1:14,6/18/22 23:36,UTC-05:00,81,51,84,33.56,97.09,9.7,2235,163,67,6/18/22 1:14,6/18/22 10:46,98,16.6,517,569,259,104,154,52,530,52,90
6/17/22 1:15,6/18/22 1:14,UTC-05:00,71,52,77,33.1,96.33,7.1,2206,164,63,6/17/22 1:15,6/17/22 10:16,78,16.6,395,540,157,90,148,145,505,9,73
6/16/22 0:13,6/17/22 1:15,UTC-05:00,87,51,84,33.5,96.06,12.7,2726,176,65,6/16/22 0:13,6/16/22 9:08,97,16.8,474,534,158,108,208,60,490,6,88
6/15/22 0:21,6/16/22 0:13,UTC-05:00,97,52,92,33.6,96.03,9.8,2387,160,65,6/15/22 0:21,6/15/22 10:23,98,16.6,548,602,213,114,221,54,562,66,91
6/14/22 2:14,6/15/22 0:21,UTC-05:00,95,52,89,33.62,96.75,12.5,2527,152,71,6/14/22 2:14,6/14/22 9:53,78,16.8,426,453,177,65,184,27,547,66,95
6/13/22 2:40,6/14/22 2:14,UTC-05:00,54,57,58,33.93,97.09,8.1,2235,159,70,6/13/22 2:40,6/13/22 10:16,78,17.1,415,452,220,106,89,37,530,54,92
6/11/22 1:40,6/13/22 2:40,UTC-05:00,57,57,68,34.07,95.85,4.2,2849,123,70,6/11/22 1:40,6/11/22 10:22,82,17.1,483,521,157,109,217,38,591,92,92
6/10/22 1:01,6/11/22 1:40,UTC-05:00,53,56,69,33.93,95.25,13.3,2785,168,76,6/10/22 1:01,6/10/22 8:00,61,16.9,387,418,185,73,129,31,639,151,92
6/9/22 3:56,6/10/22 1:01,UTC-05:00,33,51,81,34.3,95.78,11,2200,166,70,6/9/22 3:56,6/9/22 7:22,36,16.6,197,206,99,38,60,9,548,59,96
6/8/22 3:18,6/9/22 3:56,UTC-05:00,62,54,67,33.83,97.18,11.1,2554,166,71,6/8/22 3:18,6/8/22 10:53,75,17.1,417,453,190,69,158,36,557,21,92
6/7/22 2:54,6/8/22 3:18,UTC-05:00,79,52,74,33.4,97.93,18.7,3966,181,78,6/7/22 2:54,6/7/22 11:04,93,17.4,452,489,227,99,126,37,485,0,92
6/6/22 2:00,6/7/22 2:54,UTC-05:00,99,49,97,33.6,95.5,10.2,2498,148,65,6/6/22 2:00,6/6/22 11:44,100,16,535,581,241,89,205,46,518,42,92
6/5/22 1:25,6/6/22 2:00,UTC-05:00,89,54,75,33.5,96.25,4.8,2115,125,62,6/5/22 1:25,6/5/22 11:04,86,16.8,498,575,245,82,171,77,577,96,86
6/4/22 1:54,6/5/22 1:25,UTC-05:00,41,58,58,33,96.08,8.2,2215,158,67,6/4/22 1:54,6/4/22 8:10,59,17.6,347,375,186,51,110,28,593,106,92
6/3/22 4:53,6/4/22 1:54,UTC-05:00,57,55,66,33.34,98.08,10.6,2213,145,74,6/3/22 4:53,6/3/22 11:05,55,17.1,330,364,167,73,90,34,595,61,90
6/2/22 3:25,6/3/22 4:53,UTC-05:00,38,57,54,34.4,95.34,18.4,3834,182,79,6/2/22 3:25,6/2/22 11:24,74,17.1,389,479,149,82,158,90,528,33,81
6/1/22 1:09,6/2/22 3:25,UTC-05:00,55,55,63,34.72,94.73,12.4,2846,157,71,6/1/22 1:09,6/1/22 9:55,89,17.1,458,526,158,102,198,68,515,12,87
5/31/22 0:04,6/1/22 1:09,UTC-05:00,41,54,55,33.4,96.45,13.9,2947,165,74,5/31/22 0:04,5/31/22 9:20,96,16.5,508,557,196,128,184,49,529,39,91
5/30/22 0:27,5/31/22 0:04,UTC-05:00,60,52,69,33.9,95.47,11.4,2507,158,71,5/30/22 0:27,5/30/22 8:21,87,16.4,452,474,187,95,170,22,520,44,95
5/29/22 0:28,5/30/22 0:27,UTC-05:00,59,52,69,34.4,95.28,4.3,2036,113,63,5/29/22 0:28,5/29/22 8:18,81,15.5,437,469,170,84,183,32,538,44,93
5/28/22 2:21,5/29/22 0:28,UTC-05:00,71,50,75,33.34,97.76,12.2,2436,160,71,5/28/22 2:21,5/28/22 10:06,81,16.3,432,463,177,85,170,31,534,40,93
5/27/22 1:12,5/28/22 2:21,UTC-05:00,79,49,77,33.3,95.66,12.2,2735,154,68,5/27/22 1:12,5/27/22 8:21,83,15.5,385,429,152,89,144,44,466,56,89
5/26/22 0:08,5/27/22 1:12,UTC-05:00,52,53,65,32.9,97.07,4.6,2147,128,61,5/26/22 0:08,5/26/22 8:04,76,17.2,412,475,233,72,107,63,546,33,86
5/24/22 23:41,5/26/22 0:08,UTC-05:00,73,49,75,33.4,96.39,15.4,3059,181,70,5/24/22 23:41,5/25/22 8:18,86,16.3,452,516,219,101,132,64,528,44,89
5/24/22 1:51,5/24/22 23:41,UTC-05:00,80,51,77,33.8,96,9.3,2209,146,64,5/24/22 1:51,5/24/22 9:59,81,15.5,402,487,175,96,131,85,500,0,83
5/23/22 0:17,5/24/22 1:51,UTC-05:00,96,50,83,34,95.48,13.4,2871,189,66,5/23/22 0:17,5/23/22 9:54,100,15.8,531,574,209,113,209,43,506,27,92
5/21/22 23:46,5/23/22 0:17,UTC-05:00,80,53,75,33.6,97.17,7,2256,152,64,5/21/22 23:46,5/22/22 8:40,91,16.5,487,534,212,91,184,47,536,45,91
5/21/22 0:15,5/21/22 23:46,UTC-05:00,52,55,63,32.83,96.65,11.4,2499,167,69,5/21/22 0:15,5/21/22 9:01,85,17.1,456,516,281,89,86,60,534,47,88
5/20/22 0:21,5/21/22 0:15,UTC-05:00,93,49,85,33.7,97.35,10.5,2458,151,70,5/20/22 0:21,5/20/22 8:52,80,15.8,420,503,202,80,138,83,525,36,83
5/19/22 0:24,5/20/22 0:21,UTC-05:00,58,53,65,33,96.5,11.1,2504,161,67,5/19/22 0:24,5/19/22 9:21,88,16.6,468,529,193,133,142,61,535,39,88
5/18/22 0:20,5/19/22 0:24,UTC-05:00,74,53,69,33.6,96.11,12.6,2680,154,71,5/18/22 0:20,5/18/22 8:57,87,17,467,511,226,90,151,44,536,49,91
5/17/22 3:06,5/18/22 0:20,UTC-05:00,78,53,72,34.4,95.42,10.3,2211,155,69,5/17/22 3:06,5/17/22 10:34,79,16.5,407,446,191,99,117,39,515,27,91
5/15/22 23:09,5/17/22 3:06,UTC-05:00,86,52,75,33.1,95.95,10.9,2844,159,67,5/15/22 23:09,5/16/22 8:01,91,17.2,492,530,271,84,137,38,540,56,94
5/15/22 0:58,5/15/22 23:09,UTC-05:00,93,53,79,34.1,96.75,9.5,2231,158,70,5/15/22 0:58,5/15/22 8:15,76,17.2,413,431,176,86,151,18,545,49,96
5/14/22 2:07,5/15/22 0:58,UTC-05:00,64,56,61,34.84,95.89,12.6,2619,165,71,5/14/22 2:07,5/14/22 9:55,79,17.6,418,467,189,105,124,49,531,39,89
5/12/22 23:45,5/14/22 2:07,UTC-05:00,42,58,56,32.5,96.94,11.8,2805,159,72,5/12/22 23:45,5/13/22 8:22,87,17.8,451,515,249,93,109,64,517,36,88
5/11/22 22:55,5/12/22 23:45,UTC-05:00,50,57,55,32.76,96.94,8.4,2366,151,69,5/11/22 22:55,5/12/22 7:41,88,17.1,476,526,211,101,164,50,543,15,90
5/11/22 0:02,5/11/22 22:55,UTC-05:00,65,55,65,32.5,96.3,17.5,3537,182,78,5/11/22 0:02,5/11/22 8:40,95,17.1,472,518,182,111,179,46,496,0,91
5/9/22 22:41,5/11/22 0:02,UTC-05:00,68,55,65,32.67,97.96,12.7,2737,177,69,5/9/22 22:41,5/10/22 9:27,100,16.7,586,645,313,116,157,59,550,60,90
5/8/22 23:27,5/9/22 22:41,UTC-05:00,24,59,45,33.21,94.7,11.2,2495,147,71,5/8/22 23:27,5/9/22 6:59,80,17.3,430,452,237,95,98,22,541,48,95
5/8/22 0:04,5/8/22 23:27,UTC-05:00,25,57,52,33.6,96.79,11.9,2367,196,70,5/8/22 0:04,5/8/22 7:55,84,17.6,450,470,250,82,118,20,534,56,95
5/7/22 0:03,5/8/22 0:04,UTC-05:00,54,53,67,33.2,96.94,6.3,2151,144,66,5/7/22 0:03,5/7/22 8:03,76,17.1,433,480,175,93,165,47,573,73,91
5/6/22 1:28,5/7/22 0:03,UTC-05:00,82,50,79,34.1,96,13.4,2637,164,72,5/6/22 1:28,5/6/22 8:02,69,16.5,362,394,151,85,126,32,524,42,92
5/5/22 0:06,5/6/22 1:28,UTC-05:00,81,51,75,33.96,95.79,8.8,2438,152,66,5/5/22 0:06,5/5/22 9:11,86,16.1,513,545,218,114,181,32,593,115,94
5/4/22 1:42,5/5/22 0:06,UTC-05:00,21,57,46,34.6,96.21,6.1,1672,151,67,5/4/22 1:42,5/4/22 6:46,51,16.5,294,304,134,62,98,10,574,85,97
5/3/22 1:24,5/4/22 1:42,UTC-05:00,46,51,62,33.81,95.13,11.1,2539,178,71,5/3/22 1:24,5/3/22 7:01,64,16.4,321,337,164,69,88,16,503,15,95
5/2/22 0:43,5/3/22 1:24,UTC-05:00,60,53,67,34.6,96.9,10.9,2553,160,68,5/2/22 0:43,5/2/22 9:01,95,16.5,472,494,280,60,132,22,498,6,96
5/1/22 0:01,5/2/22 0:43,UTC-05:00,91,52,81,34.7,96.81,11.7,2646,154,66,5/1/22 0:01,5/1/22 8:52,98,16.3,492,529,220,94,178,37,501,24,93
4/30/22 1:56,5/1/22 0:01,UTC-05:00,86,52,79,34.8,96.54,5.7,1939,136,63,4/30/22 1:56,4/30/22 10:47,92,16.2,480,517,262,71,147,37,522,40,93
4/29/22 0:36,4/30/22 1:56,UTC-05:00,64,53,72,33.45,95.32,8.8,2445,151,67,4/29/22 0:36,4/29/22 9:02,83,16.3,447,501,185,97,165,54,538,47,89
4/28/22 0:08,4/29/22 0:36,UTC-05:00,57,53,69,34.18,95.73,11.5,2520,180,68,4/28/22 0:08,4/28/22 8:29,80,16.5,485,497,262,74,149,12,607,111,97
4/27/22 5:13,4/28/22 0:08,UTC-05:00,48,52,68,35.4,94.55,12.6,2203,171,71,4/27/22 5:13,4/27/22 10:01,53,16.9,267,286,116,53,98,19,502,12,94
4/26/22 0:01,4/27/22 5:13,UTC-05:00,54,54,66,33.9,96.74,11.2,2965,162,67,4/26/22 0:01,4/26/22 8:23,96,16.5,472,499,218,105,149,27,490,0,94
4/24/22 23:58,4/26/22 0:01,UTC-05:00,98,48,88,35.2,96.05,11.5,2596,147,68,4/24/22 23:58,4/25/22 9:02,100,16.7,493,543,242,84,167,50,482,6,91
4/24/22 1:14,4/24/22 23:58,UTC-05:00,94,51,81,33.8,95.95,4.3,1926,123,59,4/24/22 1:14,4/24/22 10:19,98,16.6,513,541,226,107,180,28,521,21,94
4/23/22 0:10,4/24/22 1:14,UTC-05:00,89,52,78,33.2,96.62,13.4,2924,167,72,4/23/22 0:10,4/23/22 8:44,91,17.1,459,513,162,73,224,54,503,9,89
4/22/22 1:03,4/23/22 0:10,UTC-05:00,86,53,75,34.3,96.2,12.2,2584,157,69,4/22/22 1:03,4/22/22 10:13,97,16.8,503,546,176,132,195,43,520,35,92
4/21/22 0:34,4/22/22 1:03,UTC-05:00,59,56,60,34.1,95.5,9.7,2459,154,69,4/21/22 0:34,4/21/22 8:29,85,16.6,446,475,200,74,172,29,526,12,94
4/19/22 23:52,4/21/22 0:34,UTC-05:00,81,52,73,32.8,96.55,15.6,3170,183,73,4/19/22 23:52,4/20/22 8:36,96,16.5,488,517,230,84,174,29,510,26,94
4/19/22 0:36,4/19/22 23:52,UTC-05:00,68,53,66,33.9,96.53,9.6,2347,155,69,4/19/22 0:36,4/19/22 8:36,89,16.3,442,478,170,102,170,36,494,21,93
4/8/22 0:32,4/9/22 0:32,UTC-05:00,77,54,70,34.3,95.54,10.1,2281,159,63,4/8/22 0:32,4/8/22 9:03,93,16,482,511,217,94,171,29,520,36,94
4/7/22 0:55,4/8/22 0:32,UTC-05:00,72,56,68,33.9,95.8,9.5,2351,158,72,4/7/22 0:55,4/7/22 8:43,88,16.8,437,464,203,87,147,27,499,24,94
4/6/22 12:55,4/7/22 0:55,UTC-05:00,,,,,,3,103,112,74,,,,,,,,,,,,,
4/4/22 23:58,4/5/22 23:58,UTC-05:00,57,56,58,34,95.75,11.4,2450,153,73,4/4/22 23:58,4/5/22 8:39,92,16.7,484,521,260,98,126,37,528,48,92
4/4/22 0:00,4/4/22 23:58,UTC-05:00,,,,,,7.2,1884,171,76,,,,,,,,,,,,,
4/3/22 0:00,4/4/22 0:00,UTC-05:00,95,51,84,34.7,96.15,8.8,2307,163,70,4/3/22 0:00,4/3/22 8:19,84,16.6,454,499,268,65,121,45,540,42,90
4/2/22 0:08,4/3/22 0:00,UTC-05:00,69,54,69,34.9,96.44,13,2693,177,71,4/2/22 0:08,4/2/22 8:59,86,17,471,530,228,93,150,59,545,60,89
4/1/22 0:07,4/2/22 0:08,UTC-05:00,61,54,68,35,94.47,9.7,2397,160,70,4/1/22 0:07,4/1/22 8:39,80,17.1,461,512,229,101,131,51,573,94,90
3/31/22 0:08,4/1/22 0:07,UTC-05:00,52,55,67,34,96.76,6.8,2173,157,64,3/31/22 0:08,3/31/22 6:55,60,17.1,349,403,169,79,101,54,581,82,86
3/30/22 2:05,3/31/22 0:08,UTC-05:00,43,55,62,34.6,95.29,13.1,2520,169,73,3/30/22 2:05,3/30/22 8:38,65,16.7,337,392,168,71,98,55,518,36,86
3/28/22 23:16,3/30/22 2:05,UTC-05:00,95,53,82,34.74,96.12,8.6,2517,157,66,3/28/22 23:16,3/29/22 8:28,88,16.9,506,550,213,85,208,44,575,97,92
3/28/22 1:41,3/28/22 23:16,UTC-05:00,54,53,69,34.65,95.67,6.1,1933,160,65,3/28/22 1:41,3/28/22 8:16,59,16.2,343,392,124,87,132,49,580,68,88
3/27/22 1:19,3/28/22 1:41,UTC-05:00,86,52,82,34.2,95.33,15.2,3248,181,76,3/27/22 1:19,3/27/22 8:21,71,16.8,365,422,183,80,102,57,514,27,86
3/26/22 0:35,3/27/22 1:19,UTC-05:00,58,55,71,34.5,96.11,10.3,2486,165,71,3/26/22 0:35,3/26/22 9:10,91,16.4,454,515,192,94,168,61,496,15,88
3/24/22 23:58,3/26/22 0:35,UTC-05:00,75,53,79,34.8,95.96,8.4,2333,188,69,3/24/22 23:58,3/25/22 8:44,95,16.4,504,526,259,98,147,22,530,52,95
3/24/22 0:45,3/24/22 23:58,UTC-05:00,70,54,68,34.5,95.33,6.8,2115,156,67,3/24/22 0:45,3/24/22 8:28,78,16.4,421,462,221,99,101,41,537,33,91
3/22/22 22:56,3/24/22 0:45,UTC-05:00,70,55,67,34.7,96.05,13.9,3080,168,73,3/22/22 22:56,3/23/22 7:37,89,16.9,444,519,243,85,116,75,500,18,85
3/21/22 23:08,3/22/22 22:56,UTC-05:00,92,54,79,34.7,96.25,8.7,2307,157,68,3/21/22 23:08,3/22/22 8:39,94,16.4,501,571,201,90,210,70,532,45,88
3/20/22 23:54,3/21/22 23:08,UTC-05:00,90,52,79,33.6,96.09,10.2,2364,176,68,3/20/22 23:54,3/21/22 8:10,85,16,459,495,190,100,169,36,537,52,93
3/20/22 1:25,3/20/22 23:54,UTC-05:00,95,52,84,34.8,96.63,9.9,2196,201,70,3/20/22 1:25,3/20/22 8:58,78,16.8,419,452,208,76,135,33,540,66,93
3/16/22 2:05,3/17/22 1:44,UTC-05:00,42,56,59,34.5,95.89,15.8,3171,179,74,3/16/22 2:05,3/16/22 9:22,72,15.9,391,437,181,82,128,46,542,45,89
3/15/22 1:44,3/16/22 2:05,UTC-05:00,81,53,73,34.5,95.84,12.6,2668,168,71,3/15/22 1:44,3/15/22 10:09,85,15.8,459,501,184,121,154,42,544,63,92
3/14/22 1:21,3/15/22 0:44,UTC-06:00,40,56,58,34.7,96.06,7.6,2197,149,66,3/14/22 1:21,3/14/22 8:27,73,16.1,390,423,157,86,147,33,535,39,92
3/13/22 1:25,3/14/22 1:21,UTC-06:00,66,54,69,34.9,95.74,12.5,2686,157,70,3/13/22 1:25,3/13/22 9:53,87,16.1,458,508,212,101,145,50,529,48,90
3/12/22 1:01,3/13/22 1:25,UTC-06:00,49,56,64,34.9,94.98,8,2290,179,66,3/12/22 1:01,3/12/22 8:54,84,17.1,443,473,233,83,127,30,530,33,93
3/11/22 0:28,3/12/22 1:01,UTC-06:00,53,57,67,33.9,95.1,12.8,2594,201,70,3/11/22 0:28,3/11/22 9:46,89,16.8,494,555,215,116,163,61,552,48,91
3/10/22 0:53,3/11/22 0:28,UTC-06:00,57,54,68,34.3,96.41,14,2932,168,73,3/10/22 0:53,3/10/22 8:13,84,16.8,415,438,161,104,150,23,497,12,95
3/9/22 0:50,3/10/22 0:53,UTC-06:00,62,55,70,34.58,94.85,9.8,2389,158,70,3/9/22 0:50,3/9/22 9:55,96,16.2,513,544,199,105,209,31,536,45,94
3/8/22 0:40,3/9/22 0:50,UTC-06:00,82,53,78,33.8,96.34,11.6,2593,155,70,3/8/22 0:40,3/8/22 8:37,81,16.8,450,476,258,83,109,26,553,68,94
3/7/22 1:56,3/8/22 0:40,UTC-06:00,89,54,78,34.3,95.74,9.5,2263,166,68,3/7/22 1:56,3/7/22 8:59,71,16.6,406,423,173,86,147,17,573,85,97
3/6/22 0:40,3/7/22 1:56,UTC-06:00,78,54,73,33.3,96.25,10.7,2578,171,71,3/6/22 0:40,3/6/22 7:02,64,17.1,356,379,182,86,88,23,560,59,93
3/5/22 2:32,3/6/22 0:40,UTC-06:00,56,54,64,33.98,95.07,13.5,2603,181,74,3/5/22 2:32,3/5/22 9:27,75,16.8,379,412,153,92,134,33,507,12,92
3/4/22 0:04,3/5/22 2:32,UTC-06:00,79,53,72,33.82,94.89,12.3,2844,162,71,3/4/22 0:04,3/4/22 8:52,96,16.6,498,528,242,83,173,30,518,37,94
3/3/22 0:01,3/4/22 0:04,UTC-06:00,74,54,71,33.5,97.52,7.7,2240,154,68,3/3/22 0:01,3/3/22 8:16,84,16.8,456,494,202,94,160,38,546,27,93
3/2/22 0:28,3/3/22 0:01,UTC-06:00,56,55,62,34,96.57,16.2,2939,207,73,3/2/22 0:28,3/2/22 8:47,91,16.6,459,494,200,134,125,35,505,18,92
2/28/22 23:56,3/2/22 0:28,UTC-06:00,56,54,62,34.22,95.64,10.4,2514,162,69,2/28/22 23:56,3/1/22 8:31,94,16.5,487,515,265,90,132,28,517,27,94
2/27/22 23:45,2/28/22 23:56,UTC-06:00,55,54,62,34.5,96.33,11.3,2544,161,72,2/27/22 23:45,2/28/22 8:59,91,16.7,474,554,229,79,166,80,519,37,85
2/27/22 0:10,2/27/22 23:45,UTC-06:00,83,51,79,32.4,96.5,8.4,2256,159,70,2/27/22 0:10,2/27/22 7:59,84,17.3,420,465,223,79,118,45,501,15,90
2/26/22 0:26,2/27/22 0:10,UTC-06:00,68,55,68,33.82,96.36,10,2397,161,67,2/26/22 0:26,2/26/22 9:02,95,16.4,493,513,255,84,154,20,521,23,96
2/24/22 23:59,2/26/22 0:26,UTC-06:00,72,53,69,33.6,96.4,12.8,2758,165,72,2/24/22 23:59,2/25/22 8:09,90,16.9,443,480,197,100,146,37,494,12,92
2/23/22 23:58,2/24/22 23:59,UTC-06:00,98,50,91,34.7,96.24,8.8,2280,168,63,2/23/22 23:58,2/24/22 9:05,96,16.1,487,544,200,103,184,57,509,21,89
2/22/22 23:47,2/23/22 23:58,UTC-06:00,65,55,65,34.7,96.07,10.6,2457,163,68,2/22/22 23:47,2/23/22 8:25,93,16.4,478,518,210,102,166,40,513,27,92
2/22/22 0:13,2/22/22 23:47,UTC-06:00,96,52,83,33.89,96.32,10,2375,161,69,2/22/22 0:13,2/22/22 8:18,91,16.5,471,485,193,84,194,14,517,40,97
2/20/22 23:32,2/22/22 0:13,UTC-06:00,53,56,60,33.4,95.31,5.3,2150,133,66,2/20/22 23:32,2/21/22 7:10,83,16.4,430,457,276,67,87,27,519,21,94
2/19/22 23:31,2/20/22 23:32,UTC-06:00,58,55,65,34.3,96.57,12.9,2622,170,73,2/19/22 23:31,2/20/22 7:59,91,16.9,468,507,249,71,148,39,516,35,92
2/19/22 0:16,2/19/22 23:31,UTC-06:00,33,57,57,34.5,95.61,7.7,2173,154,71,2/19/22 0:16,2/19/22 8:18,85,17.3,427,482,203,91,133,55,500,18,89
2/17/22 23:32,2/19/22 0:16,UTC-06:00,95,53,83,34.33,96.59,8.4,2346,151,71,2/17/22 23:32,2/18/22 7:57,92,17,464,504,211,111,142,40,503,21,93
2/17/22 0:22,2/17/22 23:32,UTC-06:00,56,55,65,33.7,95.92,8.6,2253,161,70,2/17/22 0:22,2/17/22 8:34,91,16.7,460,487,258,71,131,27,505,12,94
2/16/22 0:28,2/17/22 0:22,UTC-06:00,71,54,71,33.76,95.29,11.9,2508,166,70,2/16/22 0:28,2/16/22 8:59,96,17,485,511,331,83,71,26,503,21,95
2/15/22 0:07,2/16/22 0:28,UTC-06:00,88,54,79,34,94.7,8.3,2317,163,68,2/15/22 0:07,2/15/22 8:37,91,16.6,481,509,189,128,164,28,528,47,95
2/14/22 1:18,2/15/22 0:07,UTC-06:00,52,56,62,33.8,96.6,7.9,2157,170,68,2/14/22 1:18,2/14/22 8:02,80,16.8,379,401,156,84,139,22,476,0,95
2/12/22 23:24,2/14/22 1:18,UTC-06:00,87,54,76,34,97.55,4.7,2109,156,69,2/12/22 23:24,2/13/22 8:57,100,16.7,523,573,217,122,184,50,486,6,91
2/12/22 0:47,2/12/22 23:24,UTC-06:00,84,54,74,33.1,97.67,7.8,2153,152,67,2/12/22 0:47,2/12/22 10:11,98,16.6,479,561,187,96,196,82,489,3,85
2/10/22 23:46,2/12/22 0:47,UTC-06:00,66,53,66,33.76,97.09,10.2,2507,160,70,2/10/22 23:46,2/11/22 8:32,99,16.4,503,521,237,94,172,18,510,30,96
2/9/22 23:59,2/10/22 23:46,UTC-06:00,35,58,53,33.9,96.84,7.4,2202,149,70,2/9/22 23:59,2/10/22 8:32,87,17.2,430,513,229,91,110,83,495,0,83
2/8/22 23:51,2/9/22 23:59,UTC-06:00,78,54,72,34.33,95.86,12.5,2523,175,71,2/8/22 23:51,2/9/22 8:53,100,16.7,519,536,227,88,204,17,482,0,97
2/7/22 23:15,2/8/22 23:51,UTC-06:00,98,52,84,34.62,95.62,8.6,2364,156,69,2/7/22 23:15,2/8/22 8:33,100,16.5,524,557,215,120,189,33,479,0,94
2/6/22 23:03,2/7/22 23:15,UTC-06:00,52,56,57,33.8,95.1,7,2220,156,69,2/6/22 23:03,2/7/22 8:14,100,16.6,526,545,173,118,235,19,494,12,96
2/5/22 23:55,2/6/22 23:03,UTC-06:00,70,54,65,32.53,96.44,8.4,2234,155,67,2/5/22 23:55,2/6/22 9:05,96,16.6,497,543,206,98,193,46,519,18,91
2/5/22 1:10,2/5/22 23:55,UTC-06:00,95,52,80,33.59,95.71,13.4,2667,165,72,2/5/22 1:10,2/5/22 10:15,94,16.5,498,545,196,130,172,47,528,54,91
2/3/22 1:44,2/4/22 1:25,UTC-06:00,86,55,72,34.6,97.63,,1869,103,71,2/3/22 1:44,2/3/22 9:56,77,17.1,438,483,187,113,138,45,565,80,93
2/2/22 1:25,2/3/22 1:44,UTC-06:00,41,57,53,34.1,95.64,9.6,2463,164,72,2/2/22 1:25,2/2/22 7:59,66,16.8,354,394,130,75,149,40,536,40,90
2/1/22 0:42,2/2/22 1:25,UTC-06:00,75,56,66,33.8,94.77,12.5,2768,154,73,2/1/22 0:42,2/1/22 8:42,83,17.1,446,476,239,93,114,30,539,52,93
1/30/22 23:44,2/1/22 0:42,UTC-06:00,73,56,65,34.5,95.82,10.4,2543,169,69,1/30/22 23:44,1/31/22 7:59,78,16.8,421,495,172,89,160,74,537,37,85
1/30/22 0:08,1/30/22 23:44,UTC-06:00,96,53,80,32.86,96.33,13.2,2713,167,75,1/30/22 0:08,1/30/22 7:59,84,16.8,416,469,219,75,122,53,496,61,88
1/29/22 1:17,1/30/22 0:08,UTC-06:00,58,58,61,34.48,95.13,10.3,2327,164,72,1/29/22 1:17,1/29/22 8:24,74,16.7,398,417,169,93,136,19,539,35,95
1/27/22 23:58,1/29/22 1:17,UTC-06:00,49,57,57,34.75,96.07,13.9,3018,173,75,1/27/22 23:58,1/28/22 8:00,85,17.1,448,482,149,89,210,34,528,30,94
1/27/22 0:28,1/27/22 23:58,UTC-06:00,60,57,62,34.55,96.33,12.9,2755,171,73,1/27/22 0:28,1/27/22 9:09,87,16.5,491,521,214,99,178,30,566,66,94
1/26/22 0:57,1/27/22 0:28,UTC-06:00,43,59,56,34.26,95.83,13.3,2678,178,76,1/26/22 0:57,1/26/22 8:01,72,16.9,360,421,212,70,78,61,500,0,86
1/25/22 0:03,1/26/22 0:57,UTC-06:00,77,54,68,33.8,96,13.4,2847,171,72,1/25/22 0:03,1/25/22 9:21,100,16.9,493,558,256,96,141,65,493,0,88
1/23/22 23:11,1/25/22 0:03,UTC-06:00,72,56,67,34.42,96,12,2688,177,72,1/23/22 23:11,1/24/22 8:02,100,16.9,477,528,226,65,186,51,476,0,90
1/23/22 1:00,1/23/22 23:11,UTC-06:00,59,57,64,34.5,97.83,4.4,1888,119,65,1/23/22 1:00,1/23/22 10:50,100,16.9,531,589,179,119,233,58,528,42,91
1/21/22 23:23,1/23/22 1:00,UTC-06:00,68,57,68,34.2,97.36,9.9,2565,151,71,1/21/22 23:23,1/22/22 7:38,86,17,454,495,232,108,114,41,529,27,92
1/20/22 23:27,1/21/22 23:23,UTC-06:00,47,58,58,33.9,94.76,13.5,2790,168,77,1/20/22 23:27,1/21/22 8:33,91,16.7,507,542,314,76,117,35,554,51,93
1/20/22 0:19,1/20/22 23:27,UTC-06:00,91,54,76,33.9,95.4,13.8,2688,171,72,1/20/22 0:19,1/20/22 9:07,83,16.9,458,525,168,106,184,67,553,52,87
1/18/22 23:54,1/20/22 0:19,UTC-06:00,83,53,72,34.6,97.22,13.5,2804,179,71,1/18/22 23:54,1/19/22 8:10,78,17.1,437,490,218,76,143,53,559,71,89
1/18/22 0:30,1/18/22 23:54,UTC-06:00,83,52,69,33.2,95.07,10.6,2433,154,71,1/18/22 0:30,1/18/22 7:26,70,16.6,385,416,151,88,146,26,554,42,93
1/17/22 0:39,1/18/22 0:30,UTC-06:00,52,55,62,32.92,95.83,15.1,3128,175,74,1/17/22 0:39,1/17/22 7:53,82,17.2,401,434,235,77,89,33,486,9,92
1/16/22 1:28,1/17/22 0:39,UTC-06:00,79,54,70,33.1,96.5,5,1992,128,64,1/16/22 1:28,1/16/22 10:38,97,17.1,502,550,250,89,163,48,519,42,91
1/14/22 23:58,1/16/22 1:28,UTC-06:00,50,58,60,34.3,94.44,4.1,2158,119,66,1/14/22 23:58,1/15/22 9:21,86,17.1,500,563,282,97,121,63,581,73,88
1/14/22 0:44,1/14/22 23:58,UTC-06:00,79,55,72,33.6,95.9,14.5,2937,162,76,1/14/22 0:44,1/14/22 7:54,69,16.8,387,425,141,78,168,38,562,71,91
1/13/22 1:44,1/14/22 0:44,UTC-06:00,62,54,75,33,96.33,11.5,2576,162,71,1/13/22 1:44,1/13/22 8:29,70,16.2,365,404,168,58,139,39,523,26,90
1/11/22 23:36,1/13/22 1:44,UTC-06:00,38,57,62,33.8,93.56,12.8,2888,160,71,1/11/22 23:36,1/12/22 8:36,89,17.3,491,539,282,70,139,48,554,61,91
1/11/22 1:59,1/11/22 23:36,UTC-06:00,48,56,60,33.1,96,11.7,2397,159,75,1/11/22 1:59,1/11/22 8:41,74,15.9,381,398,176,79,126,17,515,0,95
1/9/22 22:58,1/11/22 1:59,UTC-06:00,60,54,70,33.4,96,15.7,3530,173,75,1/9/22 22:58,1/10/22 8:03,100,16.7,502,527,198,124,180,25,478,0,96
1/9/22 0:17,1/9/22 22:58,UTC-06:00,63,54,74,33.5,97.35,6,2008,126,67,1/9/22 0:17,1/9/22 11:31,100,17.1,537,671,275,104,158,134,477,0,80
1/7/22 23:01,1/9/22 0:17,UTC-06:00,62,56,72,33.3,94,4.8,2161,125,63,1/7/22 23:01,1/8/22 9:17,100,16.9,547,615,299,101,147,68,516,18,88
1/6/22 23:39,1/7/22 23:01,UTC-06:00,57,56,68,33.9,95.94,12.7,2635,170,72,1/6/22 23:39,1/7/22 8:19,92,17.1,470,509,259,98,113,39,511,0,92
11/18/21 21:02,11/19/21 21:02,UTC-06:00,54,54,63,,,12.6,1659,175,78,11/18/21 21:02,11/19/21 4:41,80,17.2,421,457,206,78,137,36,525,30,92
11/18/21 0:07,11/18/21 21:02,UTC-06:00,73,52,75,,,12.2,2053,172,69,11/18/21 0:07,11/18/21 8:26,90,16.4,450,497,187,89,174,47,498,21,92
11/17/21 0:00,11/18/21 0:07,UTC-06:00,,,,,,4.1,396,126,84,,,,,,,,,,,,,
11/14/21 23:26,11/15/21 23:15,UTC-06:00,41,57,57,,,14.4,2405,201,82,11/14/21 23:26,11/15/21 8:01,93,16.8,481,515,229,91,161,34,517,39,93
11/13/21 23:15,11/14/21 23:26,UTC-06:00,94,52,91,,,5.3,2111,138,63,11/13/21 23:15,11/14/21 8:07,87,16.2,460,532,176,81,203,72,530,52,86
11/12/21 23:09,11/13/21 23:15,UTC-06:00,49,56,63,,,5.4,2214,159,66,11/12/21 23:09,11/13/21 7:42,78,16.5,470,513,261,101,108,43,602,75,92
11/11/21 22:24,11/12/21 23:09,UTC-06:00,49,54,65,,,17.1,3712,187,79,11/11/21 22:24,11/12/21 4:41,68,17.2,363,374,209,64,90,11,538,39,97
11/11/21 0:16,11/11/21 22:24,UTC-06:00,78,53,78,,,12.9,2597,167,74,11/11/21 0:16,11/11/21 8:21,87,16.9,427,483,265,53,109,56,493,61,88
11/10/21 0:05,11/11/21 0:16,UTC-06:00,67,53,74,,,10.7,2454,165,69,11/10/21 0:05,11/10/21 7:25,74,16.8,406,438,166,83,157,32,548,40,94
11/8/21 23:56,11/10/21 0:05,UTC-06:00,33,57,55,,,14.4,2889,206,73,11/8/21 23:56,11/9/21 8:05,83,17.1,455,485,231,97,127,30,546,40,93
11/7/21 23:21,11/8/21 23:56,UTC-06:00,36,56,59,,,14.2,2991,173,75,11/7/21 23:21,11/8/21 7:09,83,16.6,396,467,204,77,115,71,477,0,84
11/7/21 1:08,11/8/21 0:21,UTC-05:00,56,55,70,,,4.9,2002,123,65,11/7/21 1:08,11/7/21 10:26,100,16.9,517,555,231,96,190,38,494,15,93
11/6/21 1:40,11/7/21 1:08,UTC-05:00,42,56,61,,,6.4,2110,135,70,11/6/21 1:40,11/6/21 9:38,95,16.6,433,478,231,63,139,45,454,12,90
11/4/21 22:41,11/6/21 1:40,UTC-05:00,71,53,77,,,15.5,3467,168,74,11/4/21 22:41,11/5/21 7:47,96,17,513,538,205,101,207,25,534,35,95
11/4/21 1:39,11/4/21 22:41,UTC-05:00,55,53,72,,,13,2454,170,75,11/4/21 1:39,11/4/21 8:41,85,16.2,393,419,176,85,132,26,462,52,94
11/2/21 23:49,11/4/21 1:39,UTC-05:00,52,54,73,,,13.4,2956,171,69,11/2/21 23:49,11/3/21 7:40,78,16.4,418,458,182,82,154,40,536,21,91
11/2/21 1:02,11/2/21 23:49,UTC-05:00,69,52,83,,,15.5,3009,189,75,11/2/21 1:02,11/2/21 8:42,93,16.9,430,457,182,88,160,27,463,80,95
11/1/21 0:44,11/2/21 1:02,UTC-05:00,49,53,75,,,14.5,2993,165,73,11/1/21 0:44,11/1/21 6:36,66,17.5,328,339,147,77,104,11,495,18,96
10/31/21 1:56,11/1/21 0:44,UTC-05:00,28,61,50,,,4.3,1940,150,65,10/31/21 1:56,10/31/21 11:11,94,17.1,502,555,266,85,151,53,531,40,90
10/30/21 0:18,10/31/21 1:56,UTC-05:00,70,51,89,,,11.3,2698,150,70,10/30/21 0:18,10/30/21 7:44,83,16.8,385,446,207,69,109,61,465,42,89
10/29/21 0:27,10/30/21 0:18,UTC-05:00,75,51,91,,,14.2,2747,175,73,10/29/21 0:27,10/29/21 8:07,82,17.1,422,460,268,58,96,38,513,26,93
10/27/21 23:54,10/29/21 0:27,UTC-05:00,75,53,88,,,10.2,2471,170,68,10/27/21 23:54,10/28/21 8:09,89,17.2,430,495,150,78,202,65,486,0,86
10/27/21 0:55,10/27/21 23:54,UTC-05:00,98,50,99,,,9.8,2293,160,68,10/27/21 0:55,10/27/21 10:28,100,15.9,537,573,154,130,253,36,500,0,94
10/25/21 23:52,10/27/21 0:55,UTC-05:00,70,54,78,,,13.3,2818,169,72,10/25/21 23:52,10/26/21 8:39,100,17,505,526,272,100,133,21,461,45,96
10/25/21 0:28,10/25/21 23:52,UTC-05:00,80,51,95,,,13.7,2833,167,73,10/25/21 0:28,10/25/21 7:04,81,17.1,366,391,210,43,113,25,451,42,93
10/24/21 1:45,10/25/21 0:28,UTC-05:00,79,51,91,,,8,2167,149,65,10/24/21 1:45,10/24/21 9:47,82,15.8,450,476,189,75,186,26,546,49,94
10/23/21 1:02,10/24/21 1:45,UTC-05:00,58,55,73,,,12.6,2725,168,69,10/23/21 1:02,10/23/21 8:15,79,16.9,402,432,241,63,98,30,510,0,93
10/21/21 23:33,10/23/21 1:02,UTC-05:00,60,55,71,,,14.8,3126,173,77,10/21/21 23:33,10/22/21 8:58,100,16.6,520,565,244,83,193,45,515,11,92
10/21/21 0:14,10/21/21 23:33,UTC-05:00,67,51,82,,,13.8,2793,167,74,10/21/21 0:14,10/21/21 8:43,95,16.5,473,507,202,108,163,34,498,14,93
10/19/21 23:00,10/21/21 0:14,UTC-05:00,63,55,76,,,9.1,2453,153,67,10/19/21 23:00,10/20/21 7:33,94,16.9,478,509,218,94,166,31,511,2,94
10/19/21 0:08,10/19/21 23:00,UTC-05:00,52,56,60,,,14.7,2766,176,73,10/19/21 0:08,10/19/21 8:38,99,17.1,473,507,217,108,148,34,479,37,93
10/18/21 0:00,10/19/21 0:08,UTC-05:00,,,,,,15,2497,169,76,,,,,,,,,,,,,
9/8/21 22:51,9/9/21 22:51,UTC-05:00,,,,,,3.1,24,106,76,,,,,,,,,,,,,
9/7/21 23:48,9/8/21 22:51,UTC-05:00,96,52,92,,,14.3,2531,178,76,9/7/21 23:48,9/8/21 7:28,82,17,417,446,223,83,111,29,508,9,93
9/6/21 22:51,9/7/21 23:48,UTC-05:00,65,56,68,,,13,2734,178,71,9/6/21 22:51,9/7/21 8:14,97,16.9,504,563,215,107,182,59,520,0,89
9/5/21 22:19,9/6/21 22:51,UTC-05:00,76,54,75,,,16.2,3234,174,74,9/5/21 22:19,9/6/21 7:12,100,17.2,480,520,276,90,114,40,476,0,92
9/4/21 22:16,9/5/21 22:19,UTC-05:00,,,,,,2.1,71,106,79,,,,,,,,,,,,,
9/3/21 22:16,9/4/21 22:16,UTC-05:00,,,,,,2.1,23,106,79,,,,,,,,,,,,,
9/2/21 22:16,9/3/21 22:16,UTC-05:00,,,,,,4,371,128,78,,,,,,,,,,,,,
9/1/21 23:28,9/2/21 22:16,UTC-05:00,52,56,67,,,13.3,2641,166,74,9/1/21 23:28,9/2/21 8:30,100,17.1,518,539,263,71,184,21,468,45,96
8/31/21 22:16,9/1/21 23:28,UTC-05:00,55,56,71,,,15.4,3116,190,72,8/31/21 22:16,9/1/21 7:19,85,16.9,458,543,273,77,108,85,540,40,86
8/30/21 23:12,8/31/21 22:16,UTC-05:00,73,54,84,,,13.1,2666,167,74,8/30/21 23:12,8/31/21 7:55,83,17.1,472,523,183,98,191,51,567,52,91
8/29/21 23:41,8/30/21 23:12,UTC-05:00,93,50,103,,,15.5,3122,172,77,8/29/21 23:41,8/30/21 6:46,78,16.5,387,422,178,68,141,35,497,0,93
8/28/21 23:56,8/29/21 23:41,UTC-05:00,91,54,84,,,12.5,2568,171,68,8/28/21 23:56,8/29/21 8:28,100,17.1,450,512,269,46,135,62,413,39,87
8/27/21 22:42,8/28/21 23:56,UTC-05:00,55,58,65,,,7.5,2328,146,67,8/27/21 22:42,8/28/21 9:19,87,16.5,554,631,204,144,206,77,636,102,89
8/26/21 21:42,8/27/21 22:42,UTC-05:00,67,54,74,,,18.1,3987,178,82,8/26/21 21:42,8/27/21 4:46,57,17.2,292,422,153,69,70,130,517,21,69
8/25/21 22:41,8/26/21 21:42,UTC-05:00,96,52,92,,,12.3,2521,168,71,8/25/21 22:41,8/26/21 7:57,93,16.6,518,555,212,90,216,37,560,80,93
8/24/21 23:12,8/25/21 22:41,UTC-05:00,,,,,,6,1381,131,75,,,,,,,,,,,,,
8/24/21 2:11,8/24/21 23:12,UTC-05:00,43,57,58,,,10.3,2266,151,73,8/24/21 2:11,8/24/21 8:29,66,16.5,362,379,122,79,161,17,551,45,95
8/22/21 23:12,8/24/21 2:11,UTC-05:00,93,52,84,,,14.1,3111,175,73,8/22/21 23:12,8/23/21 6:29,81,16.8,405,437,148,81,176,32,502,24,95
8/22/21 0:46,8/22/21 23:12,UTC-05:00,90,54,69,,,5.1,1465,146,73,8/22/21 0:46,8/22/21 8:41,92,17.1,440,471,220,75,145,31,479,0,93
8/20/21 22:34,8/22/21 0:46,UTC-05:00,91,56,68,,,6.4,2327,125,68,8/20/21 22:34,8/21/21 7:56,100,16.7,525,561,261,102,162,36,503,0,93
8/19/21 23:26,8/20/21 22:34,UTC-05:00,98,50,88,,,13.7,2783,170,73,8/19/21 23:26,8/20/21 9:06,100,16.8,533,580,284,77,172,47,493,0,91
8/18/21 23:22,8/19/21 23:26,UTC-05:00,95,55,71,,,11.7,2488,181,68,8/18/21 23:22,8/19/21 9:00,100,17,545,570,250,94,201,25,510,18,95
8/17/21 23:52,8/18/21 23:22,UTC-05:00,91,55,71,,,11.3,2463,172,71,8/17/21 23:52,8/18/21 8:14,94,17.6,460,502,225,97,138,42,490,15,91
8/15/21 22:46,8/16/21 22:46,UTC-05:00,,,,,,3.1,24,116,84,,,,,,,,,,,,,
8/14/21 22:46,8/15/21 22:46,UTC-05:00,,,,,,3.1,24,116,84,,,,,,,,,,,,,
8/13/21 22:46,8/14/21 22:46,UTC-05:00,,,,,,3.1,24,116,84,,,,,,,,,,,,,
8/12/21 23:49,8/13/21 22:46,UTC-05:00,85,54,72,,,9.9,1600,163,82,8/12/21 23:49,8/13/21 7:54,95,17.1,461,484,180,99,182,23,487,0,95
8/11/21 22:46,8/12/21 23:49,UTC-05:00,88,55,73,,,10.1,2559,159,69,8/11/21 22:46,8/12/21 8:32,100,17,548,586,255,86,207,38,276,194,93
8/10/21 18:02,8/11/21 22:46,UTC-05:00,12,62,50,,,11.4,2959,148,71,8/10/21 18:02,8/10/21 20:29,18,18.3,104,147,66,7,31,43,564,79,77
8/9/21 22:59,8/10/21 18:02,UTC-05:00,54,59,55,,,9.3,1977,141,71,8/9/21 22:59,8/10/21 7:39,74,17.1,488,519,207,129,152,31,663,163,94
8/8/21 23:26,8/10/21 12:59,UTC+09:00,36,55,61,,,12.9,3746,182,71,8/8/21 23:26,8/9/21 2:36,31,17.8,169,177,50,55,64,8,538,57,95
8/8/21 1:09,8/8/21 23:26,UTC+09:00,37,59,50,,,7.5,2061,147,74,8/8/21 1:09,8/8/21 8:39,76,16.9,395,440,206,74,115,45,519,18,89
8/7/21 0:55,8/8/21 1:09,UTC+09:00,64,57,63,,,13.3,2737,197,74,8/7/21 0:55,8/7/21 7:38,94,17.3,380,403,154,77,149,23,405,109,94
8/6/21 3:05,8/7/21 0:55,UTC+09:00,20,61,44,,,4.9,1906,138,67,8/6/21 3:05,8/6/21 8:00,54,17.2,277,294,116,84,77,17,514,78,94
8/4/21 23:34,8/6/21 3:05,UTC+09:00,58,56,64,,,11.2,2844,160,73,8/4/21 23:34,8/5/21 6:27,67,17.2,372,409,120,87,165,37,560,55,90
8/3/21 23:28,8/4/21 23:34,UTC+09:00,54,57,63,,,13.9,2922,174,73,8/3/21 23:28,8/4/21 6:53,82,17.6,411,445,165,89,157,34,502,80,92
8/2/21 23:20,8/3/21 23:28,UTC+09:00,32,58,54,,,11.5,2572,162,72,8/2/21 23:20,8/3/21 6:57,66,16.8,361,455,155,79,127,94,546,48,79
8/1/21 23:57,8/2/21 23:20,UTC+09:00,72,55,69,,,12.6,2607,174,75,8/1/21 23:57,8/2/21 7:02,84,17.2,375,422,248,42,85,47,445,33,88
8/1/21 0:30,8/1/21 23:57,UTC+09:00,61,56,65,,,8,2191,176,66,8/1/21 0:30,8/1/21 7:26,89,17.5,398,413,180,70,148,15,450,39,96
7/30/21 23:36,8/1/21 0:30,UTC+09:00,48,57,60,,,13.8,2535,198,67,7/30/21 23:36,7/31/21 8:44,87,16.8,491,539,189,101,201,48,563,73,91
7/29/21 22:31,7/30/21 23:36,UTC+09:00,47,57,61,,,10.6,2578,160,73,7/29/21 22:31,7/30/21 6:20,76,17.2,449,469,206,98,145,20,588,87,95
7/29/21 0:30,7/29/21 22:31,UTC+09:00,29,57,52,,,13.1,2599,161,75,7/29/21 0:30,7/29/21 6:45,63,17.2,345,374,144,82,119,29,549,57,92
7/27/21 23:22,7/29/21 0:30,UTC+09:00,55,56,64,,,11.5,2637,161,71,7/27/21 23:22,7/28/21 6:52,76,17,407,450,168,89,150,43,534,30,91
7/26/21 23:05,7/27/21 23:22,UTC+09:00,70,54,69,,,13.6,2890,169,73,7/26/21 23:05,7/27/21 6:51,90,17.2,431,459,192,87,152,28,479,0,93
7/26/21 0:52,7/26/21 23:05,UTC+09:00,60,56,63,,,6.1,1984,157,68,7/26/21 0:52,7/26/21 7:36,100,17.3,371,404,150,86,135,33,370,211,92
7/24/21 23:19,7/26/21 0:52,UTC+09:00,44,55,72,,,5.4,2216,150,66,7/24/21 23:19,7/25/21 0:29,11,17.4,51,69,51,0,0,18,479,0,74
7/23/21 22:30,7/24/21 23:19,UTC+09:00,47,57,60,,,5.6,2209,141,63,7/23/21 22:30,7/24/21 10:05,100,16.9,583,694,235,111,237,111,545,59,84
7/22/21 23:01,7/23/21 22:30,UTC+09:00,49,56,66,,,9.5,2311,183,70,7/22/21 23:01,7/23/21 6:40,75,17.3,413,450,157,103,153,37,548,58,91
7/21/21 22:47,7/22/21 23:01,UTC+09:00,33,58,55,,,10.8,2538,187,73,7/21/21 22:47,7/22/21 6:34,81,17.2,422,467,209,82,131,45,523,15,90
7/20/21 23:58,7/21/21 22:47,UTC+09:00,63,54,71,,,14.4,2812,177,71,7/20/21 23:58,7/21/21 9:19,95,17,517,560,204,107,206,43,545,58,92
7/19/21 23:48,7/20/21 23:58,UTC+09:00,80,53,82,,,10.1,2379,175,66,7/19/21 23:48,7/20/21 6:42,81,16.6,357,401,137,63,157,44,443,67,89
7/18/21 22:41,7/19/21 23:48,UTC+09:00,64,55,70,,,12.3,2730,171,67,7/18/21 22:41,7/19/21 6:41,78,16.6,427,477,189,75,163,50,547,67,89
7/17/21 23:33,7/18/21 22:41,UTC+09:00,91,54,89,,,6.4,2088,131,69,7/17/21 23:33,7/18/21 6:29,78,16.6,396,416,168,88,140,20,508,30,95
7/16/21 22:37,7/17/21 23:33,UTC+09:00,53,57,64,,,4,2108,114,66,7/16/21 22:37,7/17/21 8:40,90,16.8,524,602,198,103,223,78,584,76,87
7/15/21 22:31,7/16/21 22:37,UTC+09:00,77,54,77,,,14.3,2932,172,72,7/15/21 22:31,7/16/21 6:39,75,16.3,441,488,191,106,144,47,589,99,90
7/15/21 0:22,7/15/21 22:31,UTC+09:00,57,55,68,,,10.7,2310,170,71,7/15/21 0:22,7/15/21 6:23,58,16.5,335,360,136,75,124,25,579,73,93
7/13/21 23:29,7/15/21 0:22,UTC+09:00,44,57,62,,,13.9,2943,169,73,7/13/21 23:29,7/14/21 6:32,69,16.7,391,421,160,95,136,30,567,71,92
7/13/21 1:43,7/13/21 23:29,UTC+09:00,34,57,55,,,12.3,2437,174,72,7/13/21 1:43,7/13/21 6:33,70,16.5,279,286,95,66,118,7,399,30,97
7/11/21 23:16,7/13/21 1:43,UTC+09:00,44,56,63,,,13,2914,166,70,7/11/21 23:16,7/12/21 6:40,90,17.4,399,442,172,94,133,43,445,92,92
7/11/21 0:11,7/11/21 23:16,UTC+09:00,56,54,76,,,5.2,2004,126,68,7/11/21 0:11,7/11/21 6:31,61,17.6,303,379,110,57,136,76,497,15,81
7/9/21 22:42,7/11/21 0:11,UTC+09:00,50,56,67,,,7.5,2331,167,64,7/9/21 22:42,7/10/21 8:52,95,16.5,547,601,225,123,199,54,574,73,91
7/8/21 22:52,7/9/21 22:42,UTC+09:00,68,55,79,,,13.1,2786,168,72,7/8/21 22:52,7/9/21 6:30,76,17.6,431,457,178,75,178,26,569,78,94
7/7/21 23:23,7/8/21 22:52,UTC+09:00,61,55,71,,,11,2451,169,71,7/7/21 23:23,7/8/21 6:29,67,16.7,390,426,181,75,134,36,581,76,91
7/6/21 22:50,7/7/21 23:23,UTC+09:00,92,52,92,,,14,2987,180,72,7/6/21 22:50,7/7/21 6:29,68,17,403,459,256,58,89,56,589,102,88
7/6/21 0:35,7/6/21 22:50,UTC+09:00,88,51,95,,,9.7,2238,144,70,7/6/21 0:35,7/6/21 6:31,57,16.5,329,352,203,37,89,23,581,102,93
7/5/21 0:51,7/6/21 0:35,UTC+09:00,46,56,62,,,5.6,2084,135,70,7/5/21 0:51,7/5/21 6:19,57,16.9,293,328,148,76,69,35,519,66,92
7/3/21 23:49,7/5/21 0:51,UTC+09:00,82,54,78,,,15.6,3272,177,75,7/3/21 23:49,7/4/21 6:39,72,16.4,387,411,173,82,132,24,536,58,94
7/3/21 0:48,7/3/21 23:49,UTC+09:00,52,56,64,,,4,1951,129,65,7/3/21 0:48,7/3/21 8:49,81,16.2,454,481,172,97,185,27,562,61,95
7/2/21 0:25,7/3/21 0:48,UTC+09:00,48,56,62,,,13.1,2770,169,71,7/2/21 0:25,7/2/21 8:04,74,15.9,423,458,173,89,161,35,571,109,92
7/1/21 0:35,7/2/21 0:25,UTC+09:00,43,56,60,,,15.9,3325,181,78,7/1/21 0:35,7/1/21 6:32,54,16.2,268,354,116,52,100,86,499,0,76
6/30/21 0:49,7/1/21 0:35,UTC+09:00,63,54,67,,,12.9,2706,169,72,6/30/21 0:49,6/30/21 9:13,100,16.7,453,503,217,116,120,50,435,85,90
6/28/21 23:58,6/30/21 0:49,UTC+09:00,67,55,74,,,10.8,2566,175,67,6/28/21 23:58,6/29/21 6:33,64,16.5,354,395,163,75,116,41,551,33,91
6/28/21 0:46,6/28/21 23:58,UTC+09:00,53,56,65,,,15.7,3145,185,72,6/28/21 0:46,6/28/21 9:40,89,16.6,445,534,173,107,165,89,497,90,83
6/27/21 0:14,6/28/21 0:46,UTC+09:00,44,59,65,,,6.9,2237,146,67,6/27/21 0:14,6/27/21 6:39,62,17.2,359,384,196,49,114,25,579,149,95
6/26/21 1:45,6/27/21 0:14,UTC+09:00,1,72,19,,,10.1,2253,164,76,6/26/21 1:45,6/26/21 5:15,37,18.9,190,209,112,43,35,19,511,0,91
6/25/21 1:27,6/26/21 1:45,UTC+09:00,43,56,65,,,14.8,3124,165,78,6/25/21 1:27,6/25/21 10:16,100,16.1,503,528,208,95,200,25,502,9,95
6/24/21 0:03,6/25/21 1:27,UTC+09:00,68,53,83,,,11.6,2651,174,70,6/24/21 0:03,6/24/21 9:44,97,16.6,528,581,186,105,237,53,543,39,91
6/23/21 1:34,6/24/21 0:03,UTC+09:00,60,53,79,,,13.6,2731,170,71,6/23/21 1:34,6/23/21 10:26,87,16.1,481,531,156,117,208,50,551,51,92
6/22/21 2:29,6/23/21 1:34,UTC+09:00,91,49,95,,,12.8,2632,176,70,6/22/21 2:29,6/22/21 9:56,83,16.2,414,446,196,58,160,32,501,0,92
6/21/21 1:32,6/22/21 2:29,UTC+09:00,82,51,88,,,13.3,2884,166,70,6/21/21 1:32,6/21/21 10:54,100,16.2,509,561,193,105,211,52,504,92,91
6/20/21 0:22,6/21/21 1:32,UTC+09:00,83,50,92,,,11.5,2645,168,69,6/20/21 0:22,6/20/21 6:44,61,16.9,366,382,172,41,153,16,599,121,96
6/19/21 3:52,6/20/21 0:22,UTC+09:00,43,54,73,,,4.2,1755,116,65,6/19/21 3:52,6/19/21 8:57,49,16.2,284,304,109,75,100,20,577,64,97
6/18/21 0:54,6/19/21 3:52,UTC+09:00,84,51,88,,,15.2,3343,183,75,6/18/21 0:54,6/18/21 9:08,79,15.8,446,493,177,83,186,47,566,67,90
6/17/21 1:40,6/18/21 0:54,UTC+09:00,68,51,82,,,12.8,2437,175,67,6/17/21 1:40,6/17/21 9:26,78,16.4,440,465,165,87,188,25,564,73,95
6/16/21 2:14,6/17/21 1:40,UTC+09:00,90,50,88,,,11,2473,166,69,6/16/21 2:14,6/16/21 9:36,76,15.8,414,441,207,57,150,27,543,55,94
6/15/21 0:35,6/16/21 2:14,UTC+09:00,90,50,87,,,10.2,2560,175,64,6/15/21 0:35,6/15/21 8:40,82,16.1,443,485,191,64,188,42,541,39,91
6/14/21 0:51,6/15/21 0:35,UTC+09:00,40,55,68,,,13.3,2757,169,70,6/14/21 0:51,6/14/21 8:20,87,17.3,411,449,230,67,114,38,473,104,91
6/13/21 1:15,6/14/21 0:51,UTC+09:00,50,52,76,,,6.8,2160,143,66,6/13/21 1:15,6/13/21 6:45,56,16.5,315,330,131,73,111,15,564,58,96
6/12/21 3:13,6/13/21 1:15,UTC+09:00,87,51,86,,,14,2545,182,72,6/12/21 3:13,6/12/21 9:41,81,16.7,361,387,144,77,140,26,448,27,93
6/11/21 0:30,6/12/21 3:13,UTC+09:00,83,52,85,,,4.9,2311,142,61,6/11/21 0:30,6/11/21 9:47,91,15.5,520,557,170,109,241,37,570,83,93
6/10/21 1:00,6/11/21 0:30,UTC+09:00,53,54,72,,,9.8,2364,160,69,6/10/21 1:00,6/10/21 8:03,65,15.8,392,423,195,82,115,31,603,88,93
6/9/21 0:37,6/10/21 1:00,UTC+09:00,53,54,74,,,15.4,2774,198,73,6/9/21 0:37,6/9/21 7:16,63,16.3,346,398,98,86,162,52,551,58,87
6/8/21 0:32,6/9/21 0:37,UTC+09:00,83,51,85,,,11.6,2565,156,72,6/8/21 0:32,6/8/21 7:59,81,15.7,430,446,195,84,151,16,532,42,96
6/7/21 1:20,6/8/21 0:32,UTC+09:00,82,50,86,,,10.4,2391,157,66,6/7/21 1:20,6/7/21 9:31,86,15.9,464,491,186,93,185,27,540,130,94
6/6/21 7:11,6/7/21 1:20,UTC+09:00,28,56,67,,,4.3,1566,125,62,6/6/21 7:11,6/6/21 11:31,45,17.4,247,260,118,52,77,13,548,55,94
6/5/21 1:31,6/6/21 7:11,UTC+09:00,63,54,75,,,11.4,2984,181,66,6/5/21 1:31,6/5/21 9:36,82,15.7,450,485,179,93,178,35,548,49,92
6/4/21 2:02,6/5/21 1:31,UTC+09:00,54,54,72,,,12.6,2464,181,65,6/4/21 2:02,6/4/21 10:12,79,15,403,489,110,98,195,86,511,27,82
6/3/21 0:50,6/4/21 2:02,UTC+09:00,56,53,73,,,8.4,2406,143,65,6/3/21 0:50,6/3/21 10:01,91,15.3,496,550,186,96,214,54,545,52,90
6/2/21 2:04,6/3/21 0:50,UTC+09:00,59,52,76,,,11.5,2325,189,69,6/2/21 2:04,6/2/21 9:38,78,15.5,414,454,194,68,152,40,531,48,91
6/1/21 2:15,6/2/21 2:04,UTC+09:00,49,54,71,,,7.7,2245,132,64,6/1/21 2:15,6/1/21 11:23,84,16.5,410,547,191,63,156,137,489,9,75
5/30/21 20:29,6/1/21 2:15,UTC+09:00,67,53,79,,,6.2,2642,150,62,5/30/21 20:29,5/31/21 7:44,97,16.5,535,675,224,94,217,140,554,70,79
5/30/21 1:03,5/30/21 20:29,UTC+09:00,39,56,65,,,8.6,1960,149,69,5/30/21 1:03,5/30/21 6:30,77,15.8,251,327,78,65,108,76,326,54,77
5/28/21 21:19,5/30/21 1:03,UTC+09:00,38,57,63,,,9.5,2676,160,68,5/28/21 21:19,5/29/21 4:56,77,16.4,406,457,171,96,139,51,527,39,88
5/28/21 0:21,5/28/21 21:19,UTC+09:00,62,55,76,,,9.8,2153,147,69,5/28/21 0:21,5/28/21 5:58,87,16.9,313,333,148,62,103,20,360,88,94
5/27/21 1:45,5/28/21 0:21,UTC+09:00,68,52,84,,,10.3,2352,160,66,5/27/21 1:45,5/27/21 6:50,63,16.7,285,302,133,55,97,17,454,85,94
5/26/21 0:34,5/27/21 1:45,UTC+09:00,57,56,75,,,10.6,2582,150,67,5/26/21 0:34,5/26/21 7:40,64,15.9,403,426,183,74,146,23,628,152,94
5/23/21 14:25,5/23/21 23:08,UTC+09:00,25,57,67,,,5.4,1180,128,74,5/23/21 14:25,5/23/21 17:29,36,17.7,174,183,105,30,39,9,483,0,97
5/21/21 23:27,5/23/21 0:25,UTC-05:00,42,57,65,,,8.4,2361,144,68,5/21/21 23:27,5/22/21 10:07,100,16.4,582,641,270,108,204,59,526,33,92
5/20/21 23:08,5/21/21 23:27,UTC-05:00,75,53,89,,,11.4,2574,150,73,5/20/21 23:08,5/21/21 7:59,89,16,483,525,197,104,182,42,544,38,91
5/20/21 0:11,5/20/21 23:08,UTC-05:00,77,52,91,,,14,2546,188,74,5/20/21 0:11,5/20/21 8:17,84,16.2,442,470,136,103,203,28,527,24,94
5/18/21 23:28,5/20/21 0:11,UTC-05:00,59,53,75,,,13.4,2821,165,80,5/18/21 23:28,5/19/21 8:13,92,17.3,481,524,222,91,168,43,520,27,91
5/18/21 0:28,5/18/21 23:28,UTC-05:00,55,56,73,,,11.4,2389,174,80,5/18/21 0:28,5/18/21 9:15,91,17,475,524,242,78,155,49,524,18,90
5/17/21 1:43,5/18/21 0:28,UTC-05:00,79,51,90,,,14,2737,187,82,5/17/21 1:43,5/17/21 10:19,94,16.8,468,507,250,76,142,39,498,0,92
5/15/21 21:24,5/17/21 1:43,UTC-05:00,75,46,81,,,12.5,2965,172,67,5/15/21 21:24,5/16/21 10:11,100,16.3,645,768,381,93,171,123,530,48,84
5/14/21 22:15,5/15/21 21:24,UTC-05:00,96,48,121,,,7.3,2129,162,65,5/14/21 22:15,5/15/21 8:37,84,15.1,576,620,301,85,190,44,681,171,93
5/14/21 1:18,5/14/21 22:15,UTC-05:00,16,59,66,,,14.6,2620,180,83,5/14/21 1:18,5/14/21 3:54,28,18.5,145,155,97,27,21,10,516,0,93
5/13/21 0:29,5/14/21 1:18,UTC-05:00,73,52,82,,,15.5,3068,178,78,5/13/21 0:29,5/13/21 10:22,100,16.3,551,589,270,98,183,38,536,33,93
5/12/21 1:24,5/13/21 0:29,UTC-05:00,50,52,67,,,13.4,2675,165,75,5/12/21 1:24,5/12/21 9:36,89,16.5,450,492,185,78,187,42,504,0,92
5/10/21 22:54,5/12/21 1:24,UTC-05:00,98,52,102,,,13.7,2972,171,71,5/10/21 22:54,5/11/21 10:49,100,16,630,716,290,103,237,86,473,142,88
5/10/21 3:05,5/10/21 22:54,UTC-05:00,65,57,82,,,10.4,2098,153,73,5/10/21 3:05,5/10/21 6:59,40,17.5,211,218,92,52,67,7,533,45,96
5/9/21 0:09,5/10/21 3:05,UTC-05:00,69,55,73,,,10.2,2595,155,74,5/9/21 0:09,5/9/21 8:50,81,17.6,479,518,196,72,211,39,592,102,92
5/8/21 2:53,5/9/21 0:09,UTC-05:00,61,57,72,,,10.6,2273,159,82,5/8/21 2:53,5/8/21 8:15,57,17.6,283,295,149,46,88,12,496,0,95
5/6/21 22:51,5/8/21 2:53,UTC-05:00,98,52,103,,,12.1,2935,153,77,5/6/21 22:51,5/7/21 8:56,100,16.5,534,604,194,92,248,70,523,47,88
5/2/21 1:10,5/3/21 1:00,UTC-05:00,79,53,82,,,2.3,966,109,61,5/2/21 1:10,5/2/21 8:47,80,17.3,423,454,218,76,129,31,527,14,93
5/1/21 1:00,5/2/21 1:10,UTC-05:00,95,51,92,,,15,2919,188,82,5/1/21 1:00,5/1/21 9:22,94,17,461,498,239,82,140,37,492,0,92
4/29/21 23:38,5/1/21 1:00,UTC-05:00,92,52,86,,,11.3,2653,162,78,4/29/21 23:38,4/30/21 10:54,100,16.8,579,676,269,95,215,97,497,0,85
4/28/21 23:06,4/29/21 23:38,UTC-05:00,74,53,71,,,12.3,2691,173,76,4/28/21 23:06,4/29/21 9:56,100,16.8,567,647,225,117,225,80,505,0,87
4/27/21 23:28,4/28/21 23:06,UTC-05:00,70,52,69,,,13.9,2756,172,76,4/27/21 23:28,4/28/21 10:26,100,16.8,540,655,241,115,184,115,503,12,82
4/27/21 1:11,4/27/21 23:28,UTC-05:00,72,53,71,,,11,2356,159,73,4/27/21 1:11,4/27/21 10:16,96,16.7,470,545,184,81,205,75,490,0,86
4/25/21 23:06,4/27/21 1:11,UTC-05:00,99,54,91,,,10.6,2649,160,75,4/25/21 23:06,4/26/21 9:28,100,17,572,621,200,106,266,49,517,35,92
4/25/21 0:14,4/25/21 23:06,UTC-05:00,96,55,78,,,7.3,2114,159,73,4/25/21 0:14,4/25/21 9:09,85,17,481,515,285,44,152,34,566,66,93
4/24/21 1:44,4/25/21 0:14,UTC-05:00,92,56,76,,,12.8,2560,163,83,4/24/21 1:44,4/24/21 8:33,72,17.6,364,407,150,85,129,43,503,0,90
4/23/21 0:18,4/24/21 1:44,UTC-05:00,33,59,47,,,13.5,2951,165,86,4/23/21 0:18,4/23/21 8:29,100,17.8,438,491,214,79,145,53,434,9,89
4/22/21 0:27,4/23/21 0:18,UTC-05:00,46,57,54,,,12.3,2550,164,80,4/22/21 0:27,4/22/21 10:02,97,17.5,527,571,228,79,220,44,544,28,92
4/21/21 0:25,4/22/21 0:27,UTC-05:00,42,57,55,,,15.4,3163,177,85,4/21/21 0:25,4/21/21 7:59,88,17.5,392,454,141,92,159,62,443,0,86
4/19/21 23:42,4/21/21 0:25,UTC-05:00,62,56,73,,,8.9,2356,169,73,4/19/21 23:42,4/20/21 11:18,100,17.3,550,696,275,94,181,146,524,30,79
4/18/21 23:32,4/19/21 23:42,UTC-05:00,43,57,49,,,11.6,2568,159,81,4/18/21 23:32,4/19/21 8:24,87,16.7,444,531,216,82,146,87,512,21,83
4/18/21 1:03,4/18/21 23:32,UTC-05:00,55,55,66,,,10.9,2350,160,78,4/18/21 1:03,4/18/21 9:38,91,15.8,459,512,185,80,194,53,501,21,90
4/17/21 0:14,4/18/21 1:03,UTC-05:00,45,56,52,,,5.9,2208,148,72,4/17/21 0:14,4/17/21 9:00,91,16.8,469,508,167,98,204,39,516,0,92
4/16/21 0:00,4/17/21 0:14,UTC-05:00,,,,,,4.1,667,117,80,,,,,,,,,,,,,